total_amount,quantity,unit_price,days_between_po_and_invoice,is_anomaly
4111.72,77,53.4,22,0
1931.05,86,22.45,43,0
4372.02,25,174.88,36,0
926.87,165,5.62,34,0
4876.66,105,46.44,26,0
1863.33,103,18.09,39,0
2512.06,115,21.84,14,0
562.33,92,6.11,8,0
1681.75,36,46.72,29,0
1470.05,125,11.76,11,0
4530.66,62,73.08,43,0
512.83,102,5.03,27,0
109.48,1290,0.08,-23,1
3207.45,197,16.28,34,0
2750.1,87,31.61,9,0
4888.52,9,543.17,35,0
2526.3,176,14.35,25,0
282.08,93,3.03,44,0
708.3,94,7.54,10,0
1146.78,48,23.89,7,0
1639.24,31,52.88,13,0
3424.48,145,23.62,4,0
1930.21,67,28.81,34,0
697.29,99,7.04,35,0
4091.44,195,20.98,16,0
3010.28,115,26.18,23,0
761.16,188,4.05,23,0
1212.26,142,8.54,11,0
1950.04,194,10.05,11,0
76249.71,2,38124.86,199,1
2238.1,18,124.34,16,0
1299.37,34,38.22,28,0
1323.77,130,10.18,44,0
3867.31,185,20.9,16,0
4749.43,183,25.95,37,0
1295.91,68,19.06,43,0
503.98,61,8.26,31,0
1905.48,25,76.22,-12,1
967.38,32,30.23,-24,1
3967.33,40,99.18,5,0
2888.33,186,15.53,43,0
3046.86,30,101.56,10,0
3201.26,163,19.64,19,0
3942.74,134,29.42,38,0
349.23,168,2.08,45,0
4134.92,12,344.58,8,0
2261.4,185,12.22,26,0
447.56,89,5.03,37,0
2724.07,49,55.59,10,0
2651.11,85,31.19,14,0
3320.33,26,127.7,42,0
173498.38,5,34699.68,209,1
174130.23,5,34826.05,287,1
4389.88,7,627.13,22,0
3117.57,66,47.24,34,0
2775.68,180,15.42,24,0
4050.59,142,28.53,33,0
158.6,173,0.92,28,0
1371.93,38,36.1,21,0
873.51,81,10.78,4,0
4053.03,121,33.5,11,0
99.21,4277,0.02,-25,1
1502.54,16,93.91,15,0
2567.02,9,285.22,26,0
216.2,158,1.37,6,0
4317.44,152,28.4,30,0
4842.62,121,40.02,8,0
1800.31,175,10.29,30,0
1070.1,30,35.67,41,0
2351.13,192,12.25,40,0
1995.64,35,57.02,195,1
4672.07,189,24.72,23,0
3833.8,76,50.44,42,0
125.09,2183,0.06,167,1
2934.56,41,71.57,25,0
167653.57,3,55884.52,-25,1
1486.55,103,14.43,42,0
2357.94,171,13.79,25,0
101.4,2441,0.04,-3,1
130.29,146,0.89,40,0
4980.05,124,40.16,34,0
2988.65,120,24.91,35,0
689.47,141,4.89,17,0
2568.92,74,34.72,29,0
4660.28,86,54.19,13,0
2981.52,144,20.7,14,0
3087.19,169,18.27,38,0
2524.3,116,21.76,44,0
433.59,4228,0.1,-20,1
360.9,132,2.73,41,0
933.44,142,6.57,28,0
4471.0,40,111.78,23,0
4033.02,155,26.02,45,0
2480.49,152,16.32,18,0
3856.41,169,22.82,44,0
1103.06,173,6.38,33,0
4729.35,40,118.23,19,0
1736.49,18,96.47,19,0
355.7,145,2.45,35,0
1836.44,151,12.16,26,0
386.44,43,8.99,3,0
2428.22,139,17.47,43,0
827.43,49,16.89,38,0
2645.38,39,67.83,35,0
2206.6,107,20.62,36,0
784.25,37,21.2,20,0
2276.18,151,15.07,44,0
2162.48,175,12.36,19,0
2032.88,150,13.55,38,0
4510.99,178,25.34,37,0
1755.42,21,83.59,37,0
1344.69,97,13.86,18,0
512.59,176,2.91,30,0
2469.7,135,18.29,31,0
1727.71,121,14.28,28,0
266.28,98,2.72,18,0
4015.68,191,21.02,30,0
313.62,133,2.36,26,0
402.34,64,6.29,19,0
829.18,163,5.09,6,0
2547.52,49,51.99,5,0
3420.23,40,85.51,43,0
964.67,40,24.12,33,0
115487.82,3,38495.94,-7,1
3404.93,189,18.02,45,0
4958.79,171,29.0,5,0
698.69,101,6.92,12,0
3944.63,67,58.88,11,0
911.75,97,9.4,35,0
436.61,149,2.93,10,0
3424.91,51,67.16,13,0
3968.73,37,107.26,45,0
4371.36,18,242.85,44,0
4577.97,148,30.93,29,0
3095.97,25,123.84,4,0
2654.12,195,13.61,7,0
3649.85,173,21.1,36,0
3194.73,164,19.48,23,0
4812.04,181,26.59,19,0
2574.26,94,27.39,25,0
4215.99,102,41.33,24,0
586.31,64,9.16,33,0
2539.18,19,133.64,10,0
2209.29,122,18.11,7,0
787.5,73,10.79,12,0
742.79,144,5.16,34,0
121469.79,1,121469.79,-6,1
710.38,95,7.48,37,0
2119.77,45,47.11,23,0
4028.08,72,55.95,42,0
413.98,134,3.09,31,0
446.34,174,2.57,21,0
4557.55,195,23.37,34,0
2902.42,200,14.51,14,0
618.14,62,9.97,44,0
1483.87,82,18.1,33,0
2183.35,147,14.85,38,0
1217.1,25,48.68,26,0
290.15,6,48.36,29,0
3407.62,151,22.57,31,0
874.89,118,7.41,25,0
2302.14,160,14.39,26,0
3401.32,143,23.79,24,0
577.43,6,96.24,22,0
993.52,158,6.29,35,0
2313.29,66,35.05,16,0
4195.51,153,27.42,45,0
1686.89,192,8.79,32,0
110.28,1482,0.07,-23,1
4234.6,99,42.77,10,0
2590.58,121,21.41,39,0
3945.54,57,69.22,7,0
153.24,88,1.74,13,0
1534.87,25,61.39,44,0
2630.19,110,23.91,22,0
2670.62,75,35.61,37,0
207.09,109,1.9,14,0
1079.67,22,49.08,359,1
2156.24,195,11.06,38,0
66.54,4966,0.01,-19,1
4401.42,132,33.34,4,0
3303.86,22,150.18,12,0
3618.16,60,60.3,30,0
4837.0,153,31.61,39,0
236.85,91,2.6,42,0
121343.23,4,30335.81,137,1
719.37,34,21.16,187,1
2425.03,148,16.39,20,0
3783.05,62,61.02,28,0
2160.05,32,67.5,34,0
1689.64,33,51.2,29,0
1391.04,69,20.16,17,0
3984.93,25,159.4,26,0
738.94,82,9.01,18,0
4023.94,189,21.29,33,0
2515.29,165,15.24,37,0
2826.39,174,16.24,33,0
335.8,123,2.73,22,0
4045.75,148,27.34,42,0
3054.97,95,32.16,17,0
2473.72,43,57.53,31,0
2916.76,111,26.28,21,0
111.09,110,1.01,27,0
2995.47,150,19.97,21,0
2690.72,133,20.23,44,0
625.39,57,10.97,40,0
2238.93,82,27.3,20,0
301.29,11,27.39,-22,1
73940.46,4,18485.12,-30,1
4117.22,67,61.45,5,0
349.72,75,4.66,15,0
2895.32,184,15.74,21,0
4176.78,162,25.78,29,0
4904.83,66,74.32,39,0
2122.96,110,19.3,16,0
2884.22,184,15.68,10,0
1637.29,182,9.0,15,0
412.68,1422,0.29,214,1
3093.51,116,26.67,20,0
2220.35,79,28.11,7,0
2366.7,54,43.83,10,0
704.19,143,4.92,26,0
3000.83,163,18.41,17,0
3437.92,76,45.24,37,0
4355.02,117,37.22,9,0
3764.86,150,25.1,42,0
150.65,125,1.21,5,0
2601.15,144,18.06,33,0
2145.11,78,27.5,18,0
1297.38,173,7.5,41,0
2918.89,192,15.2,11,0
2359.04,73,32.32,31,0
647.25,54,11.99,23,0
533.54,64,8.34,7,0
2325.33,141,16.49,24,0
1474.56,151,9.77,37,0
3005.87,10,300.59,6,0
1585.65,172,9.22,45,0
2128.14,164,12.98,32,0
1735.93,162,10.72,41,0
98968.28,1,98968.28,-12,1
1588.21,8,198.53,38,0
961.04,143,6.72,44,0
1418.67,155,9.15,36,0
3630.24,106,34.25,19,0
2428.92,100,24.29,38,0
666.15,99,6.73,30,0
1219.53,42,29.04,19,0
146261.17,2,73130.59,-4,1
4953.97,127,39.01,40,0
2285.2,63,36.27,29,0
1543.07,169,9.13,4,0
1565.72,153,10.23,26,0
2528.92,93,27.19,6,0
1234.45,17,72.61,45,0
367.69,2218,0.17,-1,1
1651.83,68,24.29,3,0
4237.37,69,61.41,15,0
3883.12,157,24.73,3,0
3543.59,137,25.87,16,0
4769.35,144,33.12,35,0
2620.7,43,60.95,41,0
3575.16,102,35.05,41,0
2346.57,149,15.75,40,0
1221.84,131,9.33,4,0
2953.0,148,19.95,38,0
1652.67,49,33.73,19,0
3034.46,23,131.93,15,0
1276.33,117,10.91,31,0
291.82,4764,0.06,-10,1
4568.5,41,111.43,17,0
4647.93,81,57.38,13,0
1457.48,127,11.48,31,0
3355.81,186,18.04,7,0
1961.09,174,11.27,44,0
173426.03,1,173426.03,337,1
1378.56,67,20.58,8,0
884.75,153,5.78,12,0
274.47,14,19.61,22,0
804.44,89,9.04,17,0
877.68,75,11.7,29,0
2263.29,191,11.85,25,0
4432.8,172,25.77,9,0
178.27,52,3.43,34,0
801.05,149,5.38,22,0
4203.39,24,175.14,45,0
479.35,176,2.72,9,0
832.5,111,7.5,33,0
493.47,3782,0.13,-4,1
674.84,65,10.38,44,0
1533.96,9,170.44,26,0
1582.43,101,15.67,44,0
1319.4,127,10.39,16,0
2268.46,9,252.05,8,0
1491.8,5,298.36,42,0
209.48,174,1.2,29,0
2830.17,86,32.91,18,0
4531.27,42,107.89,30,0
2614.61,82,31.89,13,0
2464.88,6,410.81,37,0
530.96,165,3.22,44,0
1322.0,128,10.33,21,0
1400.92,31,45.19,335,1
1161.47,86,13.51,9,0
309.21,166,1.86,44,0
3918.55,72,54.42,24,0
541.81,180,3.01,26,0
417.24,123,3.39,31,0
1316.82,43,30.62,38,0
3196.57,100,31.97,19,0
3326.6,129,25.79,41,0
4068.26,147,27.68,6,0
889.03,73,12.18,22,0
3955.93,23,172.0,31,0
90.48,32,2.83,30,0
2149.43,102,21.07,17,0
4979.84,34,146.47,9,0
4335.7,89,48.72,20,0
2693.36,84,32.06,33,0
456.09,44,10.37,27,0
2952.6,64,46.13,24,0
4119.47,107,38.5,34,0
3330.71,169,19.71,43,0
4428.92,11,402.63,29,0
1132.66,121,9.36,26,0
1590.11,38,41.84,209,1
3281.82,126,26.05,33,0
1476.68,107,13.8,38,0
3417.97,35,97.66,11,0
556.05,27,20.59,14,0
2943.57,168,17.52,26,0
3932.66,149,26.39,9,0
1973.8,99,19.94,45,0
2685.08,186,14.44,39,0
2303.96,87,26.48,15,0
3193.53,146,21.87,20,0
989.68,45,21.99,34,0
4463.3,122,36.58,12,0
1512.13,68,22.24,7,0
2772.49,79,35.09,22,0
2463.37,95,25.93,19,0
952.28,39,24.42,7,0
420.17,1170,0.36,304,1
2785.87,19,146.62,43,0
3820.06,86,44.42,16,0
3124.09,161,19.4,9,0
2392.64,140,17.09,25,0
1275.18,93,13.71,12,0
112262.85,2,56131.43,219,1
3745.47,91,41.16,10,0
162.12,19,8.53,-13,1
2178.07,77,28.29,40,0
1417.42,111,12.77,24,0
148.34,2741,0.05,-27,1
1225.19,29,42.25,-30,1
236.16,99,2.39,21,0
2990.7,103,29.04,32,0
3466.89,60,57.78,31,0
977.2,176,5.55,8,0
1300.77,44,29.56,30,0
1276.88,27,47.29,-30,1
4869.93,132,36.89,34,0
1796.44,151,11.9,29,0
497.0,106,4.69,3,0
2811.92,103,27.3,21,0
4987.26,196,25.45,8,0
4169.11,132,31.58,21,0
2112.1,168,12.57,4,0
1360.05,58,23.45,39,0
2589.78,196,13.21,13,0
2531.77,20,126.59,31,0
1567.15,159,9.86,30,0
1516.42,97,15.63,14,0
2576.89,34,75.79,36,0
4788.93,127,37.71,12,0
1174.74,36,32.63,-13,1
3827.43,74,51.72,31,0
151642.32,3,50547.44,-28,1
2279.99,157,14.52,33,0
3132.04,132,23.73,43,0
4368.3,14,312.02,42,0
1851.29,77,24.04,27,0
1869.34,61,30.64,17,0
4824.37,45,107.21,29,0
3717.8,12,309.82,8,0
1546.22,186,8.31,37,0
3684.29,93,39.62,28,0
1568.69,108,14.52,35,0
3626.1,109,33.27,44,0
4372.73,90,48.59,8,0
1359.07,36,37.75,32,0
473.78,189,2.51,29,0
1684.95,125,13.48,9,0
2311.34,82,28.19,15,0
309.38,194,1.59,29,0
1874.5,196,9.56,19,0
1482.76,35,42.36,3,0
3373.15,139,24.27,23,0
207.87,2151,0.1,-11,1
1261.43,16,78.84,28,0
4775.31,42,113.7,21,0
657.06,23,28.57,31,0
415.07,86,4.83,44,0
1960.1,23,85.22,266,1
1756.77,192,9.15,45,0
113580.95,2,56790.47,-10,1
3188.91,120,26.57,34,0
2270.26,101,22.48,27,0
3619.86,102,35.49,12,0
918.7,168,5.47,28,0
2393.92,62,38.61,22,0
728.33,90,8.09,33,0
2081.37,161,12.93,33,0
4040.53,50,80.81,9,0
3485.2,130,26.81,15,0
3747.05,198,18.92,33,0
248.08,42,5.91,252,1
4271.32,171,24.98,38,0
1534.45,52,29.51,37,0
123.56,65,1.9,40,0
897.44,164,5.47,41,0
185.84,4581,0.04,344,1
181.9,126,1.44,19,0
112.04,2571,0.04,167,1
4370.45,193,22.64,6,0
2912.64,16,182.04,30,0
321.17,57,5.63,22,0
1050.24,142,7.4,20,0
4093.61,159,25.75,11,0
277.66,19,14.61,21,0
3270.17,198,16.52,21,0
3572.8,167,21.39,12,0
3784.21,19,199.17,11,0
2033.99,134,15.18,29,0
119.72,91,1.32,21,0
4840.54,147,32.93,36,0
487.47,3600,0.14,298,1
4647.39,85,54.68,4,0
864.46,138,6.26,31,0
674.92,156,4.33,24,0
2251.24,65,34.63,26,0
4404.58,49,89.89,43,0
2109.15,29,72.73,23,0
4704.12,160,29.4,36,0
3322.24,11,302.02,11,0
3093.87,9,343.76,18,0
4615.02,99,46.62,8,0
1146.67,162,7.08,5,0
4905.05,127,38.62,43,0
3079.14,27,114.04,7,0
382.31,26,14.7,8,0
1856.83,149,12.46,15,0
3798.89,175,21.71,16,0
998.13,194,5.14,33,0
994.38,117,8.5,23,0
1687.42,184,9.17,32,0
1176.34,18,65.35,40,0
362.92,123,2.95,22,0
4143.6,136,30.47,23,0
417.12,124,3.36,36,0
2421.1,50,48.42,28,0
4294.83,41,104.75,32,0
236.4,2851,0.08,-28,1
4264.24,187,22.8,43,0
4347.06,189,23.0,6,0
972.24,196,4.96,21,0
1639.78,170,9.65,6,0
1884.99,110,17.14,5,0
557.81,8,69.73,39,0
2839.37,13,218.41,14,0
416.71,166,2.51,6,0
4417.11,50,88.34,5,0
3821.21,179,21.35,41,0
2332.69,70,33.32,32,0
2073.41,91,22.78,41,0
2316.42,39,59.4,22,0
3889.68,102,38.13,31,0
2539.39,112,22.67,13,0
1340.89,65,20.63,31,0
1540.7,17,90.63,18,0
4157.6,146,28.48,16,0
4088.14,192,21.29,39,0
767.26,18,42.63,-10,1
2715.97,93,29.2,24,0
1183.18,177,6.68,39,0
4851.29,24,202.14,33,0
210.31,44,4.78,31,0
4845.19,79,61.33,43,0
2789.13,183,15.24,11,0
1663.14,76,21.88,28,0
3513.68,74,47.48,35,0
2207.63,130,16.98,8,0
1345.79,71,18.95,31,0
4872.42,39,124.93,22,0
1491.73,64,23.31,21,0
179.96,173,1.04,20,0
1094.57,174,6.29,8,0
1258.78,110,11.44,39,0
2272.08,149,15.25,44,0
1868.37,137,13.64,20,0
1533.77,24,63.91,26,0
1160.01,32,36.25,25,0
1721.22,149,11.55,5,0
345.79,2620,0.13,-30,1
2939.33,190,15.47,43,0
3468.52,170,20.4,34,0
2334.17,35,66.69,44,0
4182.37,198,21.12,4,0
357.52,35,10.21,32,0
4419.92,124,35.64,9,0
3806.26,125,30.45,31,0
421.57,5,84.31,29,0
2612.84,148,17.65,10,0
3749.22,96,39.05,7,0
4688.94,194,24.17,10,0
2311.09,42,55.03,27,0
245.14,117,2.1,5,0
3409.81,147,23.2,34,0
4103.88,109,37.65,34,0
2812.46,111,25.34,41,0
2222.87,143,15.54,16,0
4788.32,139,34.45,5,0
4181.88,125,33.46,18,0
2701.4,53,50.97,6,0
439.3,84,5.23,24,0
3984.74,91,43.79,38,0
4740.96,129,36.75,15,0
2937.55,17,172.8,6,0
2676.26,121,22.12,35,0
3159.87,153,20.65,24,0
3534.26,30,117.81,31,0
1160.0,56,20.71,11,0
853.12,182,4.69,42,0
2525.39,16,157.84,5,0
495.74,105,4.72,35,0
4580.52,61,75.09,44,0
4905.05,131,37.44,5,0
3906.89,190,20.56,38,0
2653.46,121,21.93,3,0
4996.9,128,39.04,9,0
3576.39,118,30.31,7,0
3466.94,168,20.64,21,0
947.96,41,23.12,39,0
1299.47,95,13.68,20,0
1442.71,157,9.19,44,0
3774.34,119,31.72,17,0
3004.78,88,34.15,27,0
2670.83,106,25.2,23,0
171394.91,4,42848.73,-24,1
4016.54,163,24.64,32,0
2544.28,79,32.21,17,0
3743.25,60,62.39,27,0
1313.87,7,187.7,32,0
1522.3,23,66.19,6,0
2722.91,117,23.27,8,0
231.65,27,8.58,23,0
3265.33,68,48.02,10,0
4938.88,81,60.97,43,0
4668.47,183,25.51,20,0
4674.53,134,34.88,20,0
166606.3,4,41651.57,156,1
1013.54,146,6.94,21,0
1378.88,177,7.79,41,0
2652.19,109,24.33,39,0
4986.0,106,47.04,34,0
193.32,74,2.61,22,0
4547.1,81,56.14,40,0
3744.15,39,96.0,7,0
2977.53,95,31.34,35,0
4172.55,78,53.49,17,0
4767.37,123,38.76,16,0
2754.05,178,15.47,44,0
3533.65,106,33.34,18,0
2128.17,92,23.13,13,0
2860.52,198,14.45,15,0
101.39,4174,0.02,330,1
1624.97,126,12.9,27,0
1578.89,59,26.76,24,0
440.69,159,2.77,14,0
2205.66,192,11.49,36,0
4798.52,122,39.33,39,0
2496.82,88,28.37,14,0
2703.47,166,16.29,35,0
4619.37,185,24.97,22,0
4611.61,94,49.06,3,0
641.8,142,4.52,14,0
2363.66,146,16.19,11,0
1430.69,120,11.92,18,0
3750.03,49,76.53,15,0
3786.97,34,111.38,25,0
810.83,34,23.85,-6,1
2407.42,97,24.82,35,0
2446.69,68,35.98,20,0
2586.58,31,83.44,4,0
4697.8,198,23.73,12,0
3386.15,74,45.76,31,0
3529.01,194,18.19,36,0
4970.91,22,225.95,33,0
2644.14,161,16.42,13,0
351.09,127,2.76,28,0
995.96,96,10.37,6,0
3357.53,91,36.9,4,0
3831.09,98,39.09,5,0
2782.79,77,36.14,27,0
1179.29,146,8.08,27,0
4263.27,77,55.37,8,0
3865.83,194,19.93,36,0
429.82,28,15.35,42,0
1035.34,135,7.67,28,0
4584.56,51,89.89,40,0
904.65,187,4.84,31,0
2834.5,61,46.47,12,0
4544.29,27,168.31,44,0
4843.57,158,30.66,22,0
2504.22,162,15.46,15,0
3549.43,184,19.29,32,0
1764.5,118,14.95,44,0
3773.66,187,20.18,28,0
4478.46,103,43.48,24,0
2667.77,191,13.97,17,0
4353.37,123,35.39,29,0
1026.5,159,6.46,12,0
4524.67,54,83.79,26,0
2959.54,38,77.88,30,0
439.74,2022,0.22,302,1
2335.32,77,30.33,27,0
1790.65,152,11.78,35,0
851.74,186,4.58,17,0
1845.66,22,83.89,-3,1
4708.26,127,37.07,10,0
2745.11,170,16.15,25,0
496.16,80,6.2,23,0
3215.37,19,169.23,7,0
3594.42,122,29.46,5,0
2988.94,134,22.31,35,0
4740.57,58,81.73,43,0
2187.65,179,12.22,40,0
4809.27,155,31.03,12,0
4950.65,83,59.65,39,0
4829.09,74,65.26,42,0
417.78,41,10.19,-30,1
3824.9,151,25.33,17,0
2013.68,88,22.88,4,0
4893.53,123,39.78,37,0
1945.71,110,17.69,5,0
406.77,194,2.1,5,0
4837.99,147,32.91,26,0
1303.9,197,6.62,44,0
96.78,48,2.02,8,0
4820.72,100,48.21,27,0
484.66,2283,0.21,219,1
3962.97,181,21.89,8,0
1725.81,169,10.21,14,0
2629.47,180,14.61,27,0
712.98,72,9.9,26,0
2403.73,16,150.23,7,0
4331.31,5,866.26,45,0
3710.99,122,30.42,13,0
1414.47,190,7.44,10,0
2211.72,32,69.12,18,0
3038.38,11,276.22,8,0
1458.58,169,8.63,37,0
3813.07,172,22.17,7,0
610.22,23,26.53,-20,1
4203.92,171,24.58,24,0
676.59,16,42.29,6,0
388.68,166,2.34,21,0
3650.53,170,21.47,12,0
916.59,161,5.69,27,0
4452.96,195,22.84,31,0
3263.74,34,95.99,11,0
2117.59,34,62.28,28,0
2891.96,141,20.51,5,0
2861.41,32,89.42,24,0
2896.48,188,15.41,12,0
3466.69,130,26.67,23,0
173.87,148,1.17,23,0
1734.68,157,11.05,20,0
1224.17,151,8.11,25,0
540.53,30,18.02,-10,1
2198.16,30,73.27,43,0
4698.31,76,61.82,5,0
4479.22,15,298.61,17,0
2841.59,150,18.94,27,0
1171.39,40,29.28,12,0
3322.86,55,60.42,30,0
4787.25,8,598.41,16,0
4576.48,183,25.01,41,0
3378.98,78,43.32,37,0
3607.65,199,18.13,34,0
1262.15,180,7.01,28,0
61128.76,3,20376.25,150,1
2238.12,74,30.24,16,0
403.48,47,8.58,22,0
1881.76,189,9.96,23,0
2348.99,92,25.53,41,0
1378.61,42,32.82,7,0
2956.26,10,295.63,20,0
4075.13,177,23.02,30,0
3711.29,86,43.15,26,0
1253.88,183,6.85,17,0
730.58,166,4.4,17,0
1628.57,158,10.31,23,0
4746.68,100,47.47,31,0
4674.75,187,25.0,36,0
83.5,106,0.79,24,0
2368.24,24,98.68,12,0
4501.37,87,51.74,41,0
3421.9,40,85.55,3,0
318.31,137,2.32,26,0
431.97,30,14.4,35,0
651.06,166,3.92,41,0
797.24,22,36.24,33,0
2677.72,74,36.19,13,0
134271.16,1,134271.16,-11,1
2933.18,151,19.43,3,0
3781.1,89,42.48,22,0
2780.64,8,347.58,4,0
2218.67,183,12.12,34,0
4986.45,179,27.86,23,0
2229.1,115,19.38,44,0
669.59,82,8.17,42,0
1755.35,146,12.02,43,0
258.23,187,1.38,8,0
3677.22,95,38.71,13,0
981.79,159,6.17,33,0
729.5,162,4.5,40,0
1112.12,161,6.91,21,0
2223.81,124,17.93,22,0
471.65,68,6.94,10,0
1902.79,44,43.25,33,0
4168.53,97,42.97,8,0
2468.46,199,12.4,18,0
2378.98,171,13.91,31,0
1222.67,41,29.82,45,0
1506.47,108,13.95,18,0
1682.53,182,9.24,34,0
1995.13,162,12.32,22,0
2124.68,195,10.9,12,0
2251.44,199,11.31,20,0
2108.44,145,14.54,33,0
4434.66,85,52.17,22,0
1762.81,137,12.87,21,0
447.24,174,2.57,37,0
3406.54,117,29.12,5,0
831.98,118,7.05,25,0
4849.46,161,30.12,21,0
4160.4,180,23.11,32,0
2801.17,137,20.45,15,0
3259.01,188,17.34,14,0
2376.55,109,21.8,24,0
3496.73,109,32.08,12,0
4672.82,128,36.51,45,0
1929.49,106,18.2,25,0
470.54,18,26.14,12,0
3135.13,106,29.58,44,0
4766.31,41,116.25,41,0
2812.53,62,45.36,22,0
3895.34,150,25.97,41,0
3949.75,165,23.94,40,0
1242.8,163,7.62,36,0
1706.51,89,19.17,9,0
3827.27,151,25.35,11,0
1422.51,42,33.87,11,0
1202.54,30,40.08,29,0
2816.31,127,22.18,16,0
4570.49,49,93.28,29,0
3140.37,154,20.39,38,0
1990.19,157,12.68,8,0
1096.51,182,6.02,39,0
3004.11,30,100.14,15,0
4530.78,67,67.62,39,0
2922.63,194,15.07,5,0
4353.9,90,48.38,22,0
492.62,3774,0.13,222,1
713.76,67,10.65,19,0
1056.52,170,6.21,8,0
1050.68,142,7.4,12,0
274.82,106,2.59,41,0
4006.6,186,21.54,13,0
4594.34,139,33.05,12,0
4328.02,165,26.23,23,0
2458.83,175,14.05,22,0
1345.42,50,26.91,-27,1
4054.77,47,86.27,31,0
275.04,169,1.63,39,0
2641.25,97,27.23,7,0
3372.36,108,31.23,26,0
128.5,1655,0.08,263,1
1412.01,147,9.61,40,0
1824.39,115,15.86,12,0
1762.14,7,251.73,187,1
1408.68,149,9.45,6,0
2781.99,144,19.32,27,0
2069.55,62,33.38,10,0
2187.79,195,11.22,26,0
1277.2,29,44.04,6,0
493.61,146,3.38,8,0
1576.69,97,16.25,35,0
1580.99,188,8.41,33,0
